Electric Price,Land Value,Economic Activity,Station Count,Sales Tax,Converted Cost
0.092045391,112100,7.446951751,9,0.0625,5.62
0.092045391,85200,210.4025618,2,0.0625,8.5
0.092045391,464700,20.54204472,18,0.0625,7.5
0.092045391,310200,20.54204472,14,0.0625,6
0.109035108,219900,38.97930673,4,0.0625,5.24
0.119374356,501600,38.97930673,4,0.07,6
0.119374356,314000,38.97930673,16,0.07,4.5
0.123567892,188800,20.54204472,2,0,5
0.092761551,189000,20.54204472,6,0.055,10.5
0.092761551,81500,7.814559776,3,0.055,10.5
0.092761551,46800,7.814559776,3,0.055,10.5
0.08101675,42400,0.62567528,3,0.055,10.5
0.092761551,43800,0.011874446,3,0.055,10.5
0.092761551,41300,0.62567528,4,0.055,10.5
0.162570715,116100,6.073066365,11,0.06,2.285
0.186039263,74700,6.073066365,8,0.06,8.76
0.106695173,120700,38.06365634,2,0.06625,10
0.078740283,1249700,510.9996427,2,0.06625,4.5
0.083487636,791500,142.8517489,3,0.06625,4.5
0.146985868,2649900,142.8517489,4,0.28875,7.5
0.146985868,4736800,142.8517489,2,0.28875,7.5
0.123625343,286700,84.69351463,10,0.28625,9
0.123625343,1456100,55.96880535,1,0.28625,9
0.064730195,91300,10.07980997,21,0.28,6.24
0.091843083,128200,36.35645556,2,0.28375,9
0.065936363,52300,34.97616825,5,0.28,9.76
0.064682123,329600,357.4244502,1,0.06,7
0.064682123,208300,131.6739115,6,0.06,7.5
0.094235911,239600,131.6739115,1,0,5.4
0.091740684,132500,38.06365634,4,0,7
0.084566043,64800,38.06365634,3,0,7
0.084566043,45000,132.9584854,2,0,7
0.09259056,105900,38.06365634,4,0,7
0.084566043,159000,132.9584854,3,0,7
0.07318157,483700,114.3900277,2,0.06,11.36
0.078075212,1045600,114.3900277,5,0.06,11.22
0.07318157,408400,132.9584854,5,0.06,11.22
0.07318157,238200,132.9584854,2,0.06,7
0.071723954,176800,12.04369536,4,0.06,7.76
0.075050344,134300,13.36999514,6,0.06,11.22
0.071723954,49600,13.36999514,3,0.06,7.76
0.042154176,1537700,114.3900277,1,0.06,2.5
0.042154176,276700,21.29446829,2,0.07,7.5
0.098281698,16900,22.19496383,4,0.07,6.76
0.090454641,39500,28.10345702,3,0.07,6.76
0.109115528,19800,5.313019067,1,0.07,7.24
0.109717862,18200,5.313019067,2,0.07,7.5
0.113314199,380200,0.684724588,1,0.0675,6.76
0.092302989,175300,64.998739,6,0.0725,7.24
0.093302491,40300,19.13490998,1,0.07,6.76
0.101667525,244700,16.85175787,4,0.0775,7.5
0.096434844,693100,16.85175787,9,0.085,7.5
0.096045946,47600,16.85175787,2,0.08,7.5
0.101667525,132600,16.85175787,2,0.07,7.5
0.105424564,131900,16.85175787,2,0.08,7.5
0.107948115,20000,44.12077763,2,0.08,7.5
0.107948115,39500,44.12077763,4,0.07,7.5
0.111594191,30000,44.12077763,3,0.07,7.5
0.096434844,31500,44.12077763,2,0.07,7.5
0.103309392,55700,44.12077763,2,0.07,7.5
0.095755375,43600,17.41202737,5,0.08,7.5
0.10797688,66200,44.12077763,4,0.0775,7.5
0.096434844,875700,16.85175787,9,0.085,7.5
0.103100803,163500,16.85175787,9,0.085,7.5
0.096434844,327900,16.85175787,2,0.085,7.5
0.096434844,687900,16.85175787,5,0.085,7.5
0.096434844,728300,16.85175787,39,0.085,6.25
0.099352499,80300,16.85175787,56,0.085,7.5
0.105388038,34700,10.48414499,2,0.08,7.5
0.105424564,88400,16.85175787,2,0.07,7.5
0.141652397,57300,18.74100907,2,0.08,7.5
0.107806284,95900,27.16871012,2,0.07,8.02
0.110610408,43000,27.16871012,2,0.08,7.5
0.096434844,21500,16.00261293,2,0.07,7.5
0.096434844,102300,16.69844007,3,0.08,7.5
0.116953149,60200,12.23256565,2,0.08,7.5
0.110968167,41900,17.41202737,2,0.08,7.5
0.095804539,41000,17.41202737,5,0.08,7.5
0.096434844,127800,14.80660815,4,0.07,7.5
0.096434844,144600,14.80660815,1,0.08,7.5
0.104620664,31200,9.622313054,2,0.07,7.5
0.111819999,30800,4.30984349,3,0.08,7.5
0.121723811,77500,135.1326306,5,0.09,7.5
0.12128537,53600,12.04169044,2,0.09,7.5
0.081570418,452900,69.76013412,12,0.07,7.5
0.118791977,42900,19.58558683,4,0.07,7.5
0.08558298,218200,8.720787592,16,0.065,7.5
0.116479135,20000,15.66438974,10,0.075,7.5
0.121189909,51200,6.112925097,2,0.1,1.9
0.097120301,34900,16.93572143,1,0.0975,5.1
0.091482283,42500,5.411905438,1,0.0975,4.8
0.106937414,67800,24.60266009,6,0.0725,6
0.108499699,181900,26.1408422,6,0.075,4.5
0.105677577,116100,26.1408422,3,0.0775,11.5
0.122002471,76200,26.1408422,4,0.0725,6
0.123376469,283800,26.1408422,2,0.075,3
0.094150941,58000,26.1408422,4,0.0725,7.5
0.140257487,311200,26.1408422,2,0.075,3
0.140257487,701700,26.1408422,19,0.075,4.833333333
0.140257487,852400,26.1408422,40,0.075,9.9
0.140257487,460800,26.1408422,6,0.075,3
0.140257487,123400,26.1408422,4,0.075,3
0.104805014,43400,24.60266009,3,0.0725,12
0.116925228,292300,99.86686205,7,0.08,6
0.090959334,44000,99.86686205,6,0.07,6
0.083117789,86600,23.87980923,4,0.0675,9.5
0.092910584,36300,14.69997835,2,0.0725,6
0.140766551,44100,7.200530443,2,0.0725,4.5
0.140766551,74900,7.200530443,7,0.0725,4.5
0.076730792,41400,30.71512976,4,0.0685,5
0.11391734,196000,16.55191162,5,0.22,2.4
0.068823414,83700,2.98704191,2,0.06,11.24
0.068823414,230500,2.98704191,3,0.06,13.5
0.068823414,211900,155.9473625,4,0.06,7.5
0.068823414,40500,155.9473625,2,0.06,10.5
0.068823414,12700,2.98704191,2,0.06,15
0.100785248,36900,2.634541363,3,0.06,8.13
0.075319455,42900,1.513793001,2,0.06,9
0.100785248,32100,10.81291556,2,0.06,7.5
0.100785248,45400,2.634541363,3,0.06,7.5
0.072071434,31100,17.92189879,2,0.06,10.5
0.100691729,70600,34.08250314,4,0.06,7.5
0.075319455,50100,23.29925022,11,0.06,6
0.078570383,528900,7.909932041,2,0.06,10.5
0.10966857,43100,2.634541363,3,0.06,6
0.10966857,52100,10.81291556,2,0.06,7.5
0.095652483,113800,11.00555881,5,0.06,9
0.095652483,49700,11.00555881,3,0.06,7.5
0.075319455,192400,11.00555881,3,0.06,9.62
0.075319455,102700,11.00555881,2,0.06,7.5
0.075319455,129100,11.00555881,4,0.06,7.5
0.075319455,60500,11.00555881,2,0.06,7.5
0.095652483,43600,5.487555446,4,0.06,9
0.096954742,44600,2.5848369,2,0.06,6.3
0.096954742,116600,5.487555446,2,0.06,7.5
0.098111203,32100,2.5848369,4,0.06,6
0.098111203,140700,2.5848369,2,0.06,8.13
0.098111203,163000,2.5848369,2,0.06,8.76
0.13933644,24700,1.894763995,1,0.06,12.28
0.10172126,200000,7.21888738,11,0.06,8.76
0.116861707,74100,25.78053272,3,0.055,4
0.116861707,627900,25.78053272,6,0.055,2.5
0.116861707,84800,25.78053272,1,0.055,6
0.113598355,963000,33.16743954,18,0.055,2.5
0.111040477,330800,33.16743954,13,0.055,2.5
0.111040477,371900,33.16743954,5,0.055,2.5
0.111956708,95600,51.50613679,3,0.07875,5
0.103016589,88900,51.50613679,1,0.07875,2.26
0.118173721,55100,5.678995619,2,0.07875,9.5
0.098681149,189900,1.336549197,4,0.075,17.4
0.093136642,203100,1.336549197,3,0.075,17.4
0.101950642,194000,0.439614389,1,0.075,12
0.065384084,452600,73.70362386,3,0.1025,6
0.089768974,304900,73.70362386,2,0.08,6
0.065384084,336800,73.70362386,1,0.09,6
0.065384084,299900,73.70362386,2,0.1,6
0.065384084,6151200,73.70362386,3,0.1025,6
0.079734606,69400,11.03444465,2,0.0785,7.5
0.099915005,45300,11.84768489,4,0.1085,6.24
0.092593207,25000,3.761082855,3,0.090375,6.24
0.094156392,47000,3.761082855,3,0.10475,6.24
0.097379464,56700,2.187763456,3,0.096,6.24
0.078996995,59400,7.312450637,3,0.09475,6.24
0.078996995,16200,5.225648422,3,0.09975,7.5
0.094610158,51800,39.08764145,8,0.096,7.24
0.087868273,89600,1.604917942,7,0.102,7.22
0.097522314,209400,9.419457123,3,0.091,6.24
0.091921443,48900,4.726901204,3,0.08975,6.24
0.094937843,31700,4.426557426,3,0.09475,6.24
0.099285431,179700,39.08764145,4,0.103,4.08
0.119523624,165100,39.08764145,2,0.103,4.36
0.119523624,27700,7.475330177,3,0.0765,5.17
0.100447491,40400,1.727022671,3,0.095,4.04
0.099285431,31500,6.065443806,3,0.086,4.32
0.095443109,105900,15.6364057,2,0.07,4
0.08295205,115100,15.6364057,2,0.075,4
0.093351363,230100,19.61490511,2,0.0725,3
0.093351363,211600,19.61490511,3,0.0725,3
0.076113127,60500,2.57245618,5,0.07,2.1
0.087879133,53500,2.421962081,2,0.055,8
0.102269167,114000,0.919627493,7,0.07,5.1
0.089277329,147200,5.673684388,7,0.08625,6.24
0.071762476,129400,4.860868788,2,0.08625,6.24
0.071762476,80000,4.922478903,2,0.095,7.62
0.093774721,57700,5.221776845,6,0.0825,6
0.085140647,64700,50.9612937,2,0.0825,7.8
0.093376646,1509600,50.9612937,31,0.0825,6.3
0.093376646,714700,50.9612937,21,0.0825,6.3
0.093376646,790100,50.9612937,27,0.0825,6.3
0.085922147,241000,50.9612937,2,0.0825,8.6
0.099560776,620200,5.557113287,4,0.348125,24.5
0.105494482,420600,5.557113287,10,0.3575,8.76
0.105494482,349600,5.557113287,5,0.35,6.24
0.105092691,34300,54.67587764,2,0.359,11.24
0.115335833,271700,21.23559256,2,0.382,12.5
0.110359171,192600,21.23559256,8,0.357,11.24
0.117881858,33100,2.053218507,2,0.345,7.5
0.110585598,65300,0.642460921,6,0.349,7.5
0.108595819,202600,54.67587764,8,0.3565,11.5
0.099560776,626300,3.817319319,7,0.364,12.5
0.132755199,97800,1.4568138,2,0.3553,7.5
0.107717864,184500,4.148823134,4,0.3552,9.24
0.099022919,986600,0.966105849,10,0.364,3.76
0.109909298,453400,3.817319319,4,0.354,3.5
0.099022919,260300,0.966105849,7,0.359,2.76
0.101793962,667300,0.966105849,3,0.364,18.76
0.101793962,176700,0.966105849,6,0.354,5.586666667
0.099022919,1282200,54.67587764,2,0.354,11.24
0.097647832,175100,0.779175977,4,0.3515,8.76
0.073055022,272400,0.110191217,1,0.06,4.76
0.09084176,111000,2.149508338,2,0.06,6.24
0.112465438,40000,0.770554938,1,0.06,12.24
0.08664797,365200,47.8543645,60,0.0725,9.76
0.081112542,459000,11.10630294,35,0.0725,7.5
0.081112542,360200,11.10630294,6,0.0725,8
0.08242339,488400,11.10630294,24,0.0745,7.5
0.081112542,217600,0.215510534,2,0.0885,8.6
0.101005531,83700,0.117055538,10,0.082,10.5
0.123567019,298300,1.380212799,16,0.083125,7.5
0.11380424,307200,1.380212799,16,0.083125,7.5
0.049467423,491300,3.497607948,15,0.08375,9.76
0.188032807,2507600,98.41591895,6,0.2275,8.24
0.114409822,1814500,98.41591895,4,0.2275,7.5
0.138950817,2625900,98.41591895,8,0.2275,14.7
0.114409822,4022400,98.41591895,20,0.2275,14.7
0.114409822,3081800,98.41591895,7,0.2275,14.7
0.114409822,3966600,98.41591895,30,0.2275,14.7
0.137173751,2037700,98.41591895,4,0.2125,6.24
0.137173751,2125000,98.41591895,4,0.22,6.24
0.114409822,1595000,98.41591895,9,0.2275,7.12
0.114409822,1675200,98.41591895,6,0.2275,11.76
0.114409822,1539600,98.41591895,3,0.23,4
0.137173751,2042100,98.41591895,2,0.2125,8.24
0.114409822,1476700,98.41591895,15,0.2275,7.5
0.114409822,6151300,98.41591895,4,0.2125,11.76
0.138950817,2544100,98.41591895,96,0.2275,6
0.114409822,8434900,98.41591895,36,0.2275,6.6
0.114409822,1751400,98.41591895,5,0.2275,7.5
0.138950817,995500,227.182337,15,0.22,5.24
0.138950817,871900,98.41591895,6,0.22,11.12
0.135970026,1304600,98.41591895,7,0.2275,7.5
0.114409822,1143600,98.41591895,12,0.2025,8.76
0.114409822,1572900,98.41591895,2,0.2275,11.76
0.114409822,1222700,98.41591895,7,0.2275,10
0.114409822,994500,98.41591895,11,0.2025,15
0.114409822,934700,98.41591895,3,0.2275,13.76
0.114409822,829000,98.41591895,1,0.2275,11.76
0.138950817,2750600,98.41591895,4,0.2275,11.8
0.180508316,1036800,22.27587347,16,0.2125,11.1
0.180508316,843100,22.27587347,23,0.2125,11.1
0.180508316,446300,22.27587347,14,0.2075,10.8
0.180508316,4789200,22.27587347,84,0.2025,8.76
0.180508316,1279200,22.27587347,25,0.2075,10.8
0.11685727,329500,0.309507108,14,0.2125,9.9
0.114409822,209800,3.366540988,6,0.2025,10.29333333
0.11685727,797800,0.309507108,1,0.2125,7.5
0.133747197,871500,3.366540988,29,0.2175,7.5
0.141885665,337200,3.366540988,3,0.2025,6.24
0.114409822,362300,3.366540988,36,0.2125,8.63
0.114409822,115000,3.366540988,7,0.2125,7.5
0.114409822,278000,3.366540988,16,0.2125,8.24
0.133747197,460400,3.366540988,3,0.2125,7.24
0.133747197,358000,3.366540988,2,0.2125,7.24
0.135852178,348100,3.366540988,6,0.2125,6.76
0.147459069,494500,3.366540988,19,0.2125,6
0.114409822,5064000,98.41591895,16,0.2025,10.24
0.114409822,4635200,98.41591895,14,0.2025,8.76
0.114409822,5406300,98.41591895,211,0.2025,8.823333333
0.114409822,5152300,98.41591895,7,0.2025,10.24
0.114409822,2821800,98.41591895,82,0.2175,6.125
0.114409822,2954300,98.41591895,11,0.2125,7.5
0.114409822,6216900,98.41591895,17,0.2025,7.5
0.114409822,9716400,98.41591895,9,0.2025,10.24
0.114409822,7585800,98.41591895,45,0.2025,10.24
0.180508316,4149400,227.1153202,8,0.2025,6.24
0.180508316,2470700,227.1153202,5,0.2025,5
0.114409822,1855300,98.41591895,13,0.2175,6.24
0.114409822,1798900,98.41591895,5,0.2175,6.24
0.114409822,3724200,98.41591895,3,0.2025,10.24
0.137173751,1746900,98.41591895,5,0.2025,11.76
0.137173751,1734900,98.41591895,7,0.2125,11.76
0.137173751,1916800,98.41591895,32,0.2125,8
0.137173751,1599500,98.41591895,3,0.2125,8.76
0.114409822,2047800,98.41591895,2,0.2125,8.5
0.125722524,354000,98.41591895,2,0.2125,5
0.137173751,2187000,98.41591895,46,0.2175,6.24
0.125722524,791600,98.41591895,8,0.2125,11.12
0.114047668,765500,98.41591895,3,0.2125,5.8
0.114047668,928700,98.41591895,8,0.2125,5.8
0.195263421,177800,33.51163594,6,0.21475,12.38
0.154836621,207500,33.51163594,3,0.1975,12.38
0.154836621,143800,6.087859819,3,0.2075,12.38
0.195263421,328700,4.185525878,4,0.2125,8
0.114409822,42500,1.394808878,7,0.1975,11.12
0.154836621,58400,1.394808878,4,0.1975,11.12
0.195263421,141400,1.460718582,2,0.2125,12.38
0.195263421,266100,17.01596331,4,0.2125,12.38
0.195263421,64700,1.460718582,3,0.2025,12.38
0.195263421,113100,1.460718582,3,0.2085,9.24
0.195263421,376000,1.460718582,14,0.2085,12.38
0.195263421,346800,4.185525878,6,0.2125,13.12666667
0.195263421,1313600,125.2839303,11,0.2175,12.94
0.195263421,1874900,125.2839303,13,0.2175,10
0.195263421,2343800,125.2839303,4,0.2175,12.5
0.178812234,2286900,82.13388047,20,0.22375,5
0.183785529,8268700,125.2839303,339,0.22375,10.24
0.183785529,8854100,125.2839303,22,0.21625,5
0.195263421,3445500,82.13388047,123,0.22375,5
0.195263421,5167500,82.13388047,32,0.22375,14
0.195263421,1890500,82.13388047,5,0.2125,15.76
0.195263421,1728300,82.13388047,19,0.2325,7
0.195263421,2513300,82.13388047,20,0.2275,6.24
0.195263421,1650100,82.13388047,17,0.2125,6
0.195263421,1211600,57.11757781,16,0.22,5
0.195263421,4584600,125.2839303,35,0.21875,6.24
0.195263421,1107300,125.2839303,20,0.21625,14.62
0.195263421,735600,17.01596331,8,0.2175,13.12666667
0.195263421,2010200,125.2839303,15,0.2225,5.5
0.183785529,3726700,125.2839303,4,0.21875,8.76
0.195263421,4145300,125.2839303,4,0.21875,5.01
0.177942714,605100,8.439481531,8,0.215,10.72666667
0.177718716,272400,8.439481531,3,0.2075,12.38
0.195263421,730100,2.242794509,10,0.2175,12.38
0.195263421,722800,82.13388047,2,0.21,12.5
0.195263421,301500,2.242794509,11,0.21375,9.9
0.195263421,439500,0.554199683,13,0.21,12.38
0.195263421,238300,3.606238302,16,0.1975,8.5
0.17875461,721100,3.606238302,41,0.2025,9.9
0.195263421,552300,82.13388047,3,0.20625,12.38
0.17875461,527800,13.2341449,8,0.2125,14.24
0.195263421,83500,3.606238302,3,0.1975,12.38
0.178916986,451200,21.08842976,3,0.2,12.38
0.145736987,333800,3.606238302,5,0.2125,8.76
0.175577736,88300,0.323504697,2,0.1975,12.38
0.136206366,40100,5.762458356,4,0.2025,6.24
0.178916986,600800,21.08842976,8,0.2125,9.9
0.178916986,497000,21.08842976,7,0.2075,20.64
0.063331162,1821400,75.3360558,3,0,8
0.073171465,110500,2.798756518,5,0,7.65
0.068011087,143400,6.582176041,4,0,5.4
0.060419656,56700,1.719377451,6,0,8.4
0.067140518,60400,0.327403112,7,0,5.4
0.06762479,136300,1.848842493,2,0,12.76
0.095676805,736700,1.091698699,4,0.106,6.666666667
0.10262325,3813800,1.091698699,7,0.1025,8.76
0.077228413,1153700,1.091698699,3,0.1025,12.16
0.077228413,1351100,1.091698699,5,0.1025,8.76
0.10262325,4583300,1.091698699,52,0.1025,8.76
0.10262325,2751700,1.091698699,3,0.1025,8.76
0.10262325,1447600,1.091698699,8,0.103,12.16
0.064530995,438200,6.710881471,15,0.101,7
0.088730361,485100,1.091698699,3,0.105,8.5
